{"title":"Lab1","markdown":{"yaml":{"title":"Lab1"},"headingText":"Continuing from the previously provided code without any changes to it","containsRefs":false,"markdown":"\nthis is Lab1\n```{python}\nimport pandas as pd\nimport seaborn as sns\nimport matplotlib.pyplot as plt\n\n# Reload the original dataframe from 'raw.csv' to start the process afresh\nfile_path = 'raw.csv'\ndf_original = pd.read_csv(file_path)\n\n# Define the function to split the 'NAME' column, as used earlier\ndef split_name_column(row):\n    parts = row.split('||')\n    parts = [part.strip() for part in parts]\n    # Assigning default values if some parts are missing\n    while len(parts) < 4:\n        parts.append('')\n    return pd.Series(parts[:4], index=['gene_name', 'biological_process', 'molecular_function', 'systematic_name'])\n\n# Load the cleaned data\ncleaned_data_path = 'cleaned_data.csv'\ndf_tidy = pd.read_csv(cleaned_data_path)\n\n# Continue the processing to create visualizations\n# Filter for the specific gene names \"LEU1\", \"LEU2\", \"LEU4\", \"LEU9\"\nleucine_specific_genes_df = df_tidy[df_tidy['gene_name'].isin(['LEU1', 'LEU2', 'LEU4', 'LEU9'])]\n\n# Extract the rate and nutrient from the 'variable' column\nleucine_specific_genes_df['rate'] = leucine_specific_genes_df['variable'].str.extract('(\\d+\\.\\d+|\\d+)').astype(float)\nleucine_specific_genes_df['nutrient'] = leucine_specific_genes_df['variable'].str[0]\n\n# Drop rows with NaN values that may result from the extraction process\nleucine_specific_genes_df = leucine_specific_genes_df.dropna(subset=['rate', 'nutrient'])\n\n# Create the color palette for nutrients\nnutrient_palette = {'G': 'orange', 'L': 'yellow', 'N': 'green', 'P': 'blue', 'S': 'purple', 'U': 'pink'}\n\n# Plot the graphs for the specific LEU genes\ng = sns.FacetGrid(leucine_specific_genes_df, col=\"gene_name\", hue=\"nutrient\", palette=nutrient_palette, col_wrap=2)\ng.map(sns.lineplot, \"rate\", \"expression\")\n\n# Setting the y-axis limits and ticks\nfor ax in g.axes.flat:\n    ax.set(ylim=(-2, 4))\n    ax.set_yticks([-2, 0, 2, 4])\n\n# Adjust the axis labels and titles\ng.set_axis_labels(\"Rate\", \"Gene expression\")\ng.set_titles(\"{col_name}\")\ng.add_legend(title=\"Nutrient\")\n\n# Save the plot to a file\noutput_file_visualization = 'leucine_genes_visualization.png'\ng.savefig(output_file_visualization)\n\n# Show the plot\nplt.show()\n\noutput_file_visualization\n\n```\n","srcMarkdownNoYaml":"\nthis is Lab1\n```{python}\n# Continuing from the previously provided code without any changes to it\nimport pandas as pd\nimport seaborn as sns\nimport matplotlib.pyplot as plt\n\n# Reload the original dataframe from 'raw.csv' to start the process afresh\nfile_path = 'raw.csv'\ndf_original = pd.read_csv(file_path)\n\n# Define the function to split the 'NAME' column, as used earlier\ndef split_name_column(row):\n    parts = row.split('||')\n    parts = [part.strip() for part in parts]\n    # Assigning default values if some parts are missing\n    while len(parts) < 4:\n        parts.append('')\n    return pd.Series(parts[:4], index=['gene_name', 'biological_process', 'molecular_function', 'systematic_name'])\n\n# Load the cleaned data\ncleaned_data_path = 'cleaned_data.csv'\ndf_tidy = pd.read_csv(cleaned_data_path)\n\n# Continue the processing to create visualizations\n# Filter for the specific gene names \"LEU1\", \"LEU2\", \"LEU4\", \"LEU9\"\nleucine_specific_genes_df = df_tidy[df_tidy['gene_name'].isin(['LEU1', 'LEU2', 'LEU4', 'LEU9'])]\n\n# Extract the rate and nutrient from the 'variable' column\nleucine_specific_genes_df['rate'] = leucine_specific_genes_df['variable'].str.extract('(\\d+\\.\\d+|\\d+)').astype(float)\nleucine_specific_genes_df['nutrient'] = leucine_specific_genes_df['variable'].str[0]\n\n# Drop rows with NaN values that may result from the extraction process\nleucine_specific_genes_df = leucine_specific_genes_df.dropna(subset=['rate', 'nutrient'])\n\n# Create the color palette for nutrients\nnutrient_palette = {'G': 'orange', 'L': 'yellow', 'N': 'green', 'P': 'blue', 'S': 'purple', 'U': 'pink'}\n\n# Plot the graphs for the specific LEU genes\ng = sns.FacetGrid(leucine_specific_genes_df, col=\"gene_name\", hue=\"nutrient\", palette=nutrient_palette, col_wrap=2)\ng.map(sns.lineplot, \"rate\", \"expression\")\n\n# Setting the y-axis limits and ticks\nfor ax in g.axes.flat:\n    ax.set(ylim=(-2, 4))\n    ax.set_yticks([-2, 0, 2, 4])\n\n# Adjust the axis labels and titles\ng.set_axis_labels(\"Rate\", \"Gene expression\")\ng.set_titles(\"{col_name}\")\ng.add_legend(title=\"Nutrient\")\n\n# Save the plot to a file\noutput_file_visualization = 'leucine_genes_visualization.png'\ng.savefig(output_file_visualization)\n\n# Show the plot\nplt.show()\n\noutput_file_visualization\n\n```\n"},"formats":{"html":{"identifier":{"display-name":"HTML","target-format":"html","base-format":"html"},"execute":{"fig-width":7,"fig-height":5,"fig-format":"retina","fig-dpi":96,"df-print":"default","error":false,"eval":true,"cache":null,"freeze":false,"echo":true,"output":true,"warning":true,"include":true,"keep-md":false,"keep-ipynb":false,"ipynb":null,"enabled":null,"daemon":null,"daemon-restart":false,"debug":false,"ipynb-filters":[],"engine":"jupyter"},"render":{"keep-tex":false,"keep-source":false,"keep-hidden":false,"prefer-html":false,"output-divs":true,"output-ext":"html","fig-align":"default","fig-pos":null,"fig-env":null,"code-fold":"none","code-overflow":"scroll","code-link":false,"code-line-numbers":false,"code-tools":false,"tbl-colwidths":"auto","merge-includes":true,"inline-includes":false,"preserve-yaml":false,"latex-auto-mk":true,"latex-auto-install":true,"latex-clean":true,"latex-max-runs":10,"latex-makeindex":"makeindex","latex-makeindex-opts":[],"latex-tlmgr-opts":[],"latex-input-paths":[],"latex-output-dir":null,"link-external-icon":false,"link-external-newwindow":false,"self-contained-math":false,"format-resources":[],"notebook-links":true,"format-links":true},"pandoc":{"standalone":true,"wrap":"none","default-image-extension":"png","to":"html","css":["styles.css"],"toc":true,"output-file":"Lab1.html"},"language":{"toc-title-document":"Table of contents","toc-title-website":"On this page","related-formats-title":"Other Formats","related-notebooks-title":"Notebooks","source-notebooks-prefix":"Source","section-title-abstract":"Abstract","section-title-appendices":"Appendices","section-title-footnotes":"Footnotes","section-title-references":"References","section-title-reuse":"Reuse","section-title-copyright":"Copyright","section-title-citation":"Citation","appendix-attribution-cite-as":"For attribution, please cite this work as:","appendix-attribution-bibtex":"BibTeX citation:","title-block-author-single":"Author","title-block-author-plural":"Authors","title-block-affiliation-single":"Affiliation","title-block-affiliation-plural":"Affiliations","title-block-published":"Published","title-block-modified":"Modified","callout-tip-title":"Tip","callout-note-title":"Note","callout-warning-title":"Warning","callout-important-title":"Important","callout-caution-title":"Caution","code-summary":"Code","code-tools-menu-caption":"Code","code-tools-show-all-code":"Show All Code","code-tools-hide-all-code":"Hide All Code","code-tools-view-source":"View Source","code-tools-source-code":"Source Code","code-line":"Line","code-lines":"Lines","copy-button-tooltip":"Copy to Clipboard","copy-button-tooltip-success":"Copied!","repo-action-links-edit":"Edit this page","repo-action-links-source":"View source","repo-action-links-issue":"Report an issue","back-to-top":"Back to top","search-no-results-text":"No results","search-matching-documents-text":"matching documents","search-copy-link-title":"Copy link to search","search-hide-matches-text":"Hide additional matches","search-more-match-text":"more match in this document","search-more-matches-text":"more matches in this document","search-clear-button-title":"Clear","search-detached-cancel-button-title":"Cancel","search-submit-button-title":"Submit","search-label":"Search","toggle-section":"Toggle section","toggle-sidebar":"Toggle sidebar navigation","toggle-dark-mode":"Toggle dark mode","toggle-reader-mode":"Toggle reader mode","toggle-navigation":"Toggle navigation","crossref-fig-title":"Figure","crossref-tbl-title":"Table","crossref-lst-title":"Listing","crossref-thm-title":"Theorem","crossref-lem-title":"Lemma","crossref-cor-title":"Corollary","crossref-prp-title":"Proposition","crossref-cnj-title":"Conjecture","crossref-def-title":"Definition","crossref-exm-title":"Example","crossref-exr-title":"Exercise","crossref-ch-prefix":"Chapter","crossref-apx-prefix":"Appendix","crossref-sec-prefix":"Section","crossref-eq-prefix":"Equation","crossref-lof-title":"List of Figures","crossref-lot-title":"List of Tables","crossref-lol-title":"List of Listings","environment-proof-title":"Proof","environment-remark-title":"Remark","environment-solution-title":"Solution","listing-page-order-by":"Order By","listing-page-order-by-default":"Default","listing-page-order-by-date-asc":"Oldest","listing-page-order-by-date-desc":"Newest","listing-page-order-by-number-desc":"High to Low","listing-page-order-by-number-asc":"Low to High","listing-page-field-date":"Date","listing-page-field-title":"Title","listing-page-field-description":"Description","listing-page-field-author":"Author","listing-page-field-filename":"File Name","listing-page-field-filemodified":"Modified","listing-page-field-subtitle":"Subtitle","listing-page-field-readingtime":"Reading Time","listing-page-field-categories":"Categories","listing-page-minutes-compact":"{0} min","listing-page-category-all":"All","listing-page-no-matches":"No matching items"},"metadata":{"lang":"en","fig-responsive":true,"quarto-version":"1.3.450","theme":"cosmo","title":"Lab1"},"extensions":{"book":{"multiFile":true}}}},"projectFormats":["html"]}